{
  "positive_sentiment_AR_cos_sim_to_sv": {
    "A": 0.009727760581836631,
    "lambda": 0.14652220459999502,
    "C": -0.05090960754621964,
    "r_squared": 0.43169646200136813,
    "half_life": 4.7306630585598555,
    "perr": [
      0.0029046981343332965,
      0.1300076301419314,
      0.002912151145765106
    ]
  },
  "positive_sentiment_AR_proj_onto_sv": {
    "A": 1.0289038805490258,
    "lambda": 0.1665294143227939,
    "C": -7.731689378438654,
    "r_squared": 0.306730346992551,
    "half_life": 4.162310804843022,
    "perr": [
      0.3819622446212479,
      0.17828434193671486,
      0.33701078287502984
    ]
  },
  "positive_sentiment_TF_cos_sim_to_sv": {
    "A": 0.009727760581836631,
    "lambda": 0.14652220459999502,
    "C": -0.05090960754621964,
    "r_squared": 0.43169646200136813,
    "half_life": 4.7306630585598555,
    "perr": [
      0.0029046981343332965,
      0.1300076301419314,
      0.002912151145765106
    ]
  },
  "positive_sentiment_TF_proj_onto_sv": {
    "A": 1.0289038805490258,
    "lambda": 0.1665294143227939,
    "C": -7.731689378438654,
    "r_squared": 0.306730346992551,
    "half_life": 4.162310804843022,
    "perr": [
      0.3819622446212479,
      0.17828434193671486,
      0.33701078287502984
    ]
  },
  "positive_sentiment_TF_clean_cos_sim_to_sv": {
    "A": 0.013997335994889804,
    "lambda": 0.07662317277913147,
    "C": -0.055065811925308836,
    "r_squared": 0.5530427575523815,
    "half_life": 9.046182185093826,
    "perr": [
      0.007568439813732753,
      0.0896321441540605,
      0.008563708008829655
    ]
  },
  "positive_sentiment_TF_clean_proj_onto_sv": {
    "A": 1.7442244765906214,
    "lambda": 0.0669080658777999,
    "C": -8.418628280104661,
    "r_squared": 0.4697959849255099,
    "half_life": 10.359695374036084,
    "perr": [
      1.3843974224287523,
      0.10459264301233617,
      1.5339662932074263
    ]
  },
  "formal_style_AR_cos_sim_to_sv": {
    "A": -0.013110291474847236,
    "lambda": 0.3862436451839219,
    "C": -0.032237021099058155,
    "r_squared": 0.3651190840992533,
    "half_life": 1.794585332866465,
    "perr": [
      0.004440574911277524,
      0.26984470637521746,
      0.0015850942183456283
    ]
  },
  "formal_style_AR_proj_onto_sv": {
    "A": -2.5452945724167826,
    "lambda": 0.39583949481392383,
    "C": -4.959009283665603,
    "r_squared": 0.4735230397810586,
    "half_life": 1.7510814096147223,
    "perr": [
      0.6900690857603514,
      0.22058720234376403,
      0.2421799936697226
    ]
  },
  "formal_style_TF_cos_sim_to_sv": {
    "A": -0.013110291474847236,
    "lambda": 0.3862436451839219,
    "C": -0.032237021099058155,
    "r_squared": 0.3651190840992533,
    "half_life": 1.794585332866465,
    "perr": [
      0.004440574911277524,
      0.26984470637521746,
      0.0015850942183456283
    ]
  },
  "formal_style_TF_proj_onto_sv": {
    "A": -2.5452945724167826,
    "lambda": 0.39583949481392383,
    "C": -4.959009283665603,
    "r_squared": 0.4735230397810586,
    "half_life": 1.7510814096147223,
    "perr": [
      0.6900690857603514,
      0.22058720234376403,
      0.2421799936697226
    ]
  },
  "formal_style_TF_clean_cos_sim_to_sv": {
    "A": -0.012993667704469388,
    "lambda": 0.40241812258663284,
    "C": -0.0326663988372482,
    "r_squared": 0.3689827215243682,
    "half_life": 1.722455181950023,
    "perr": [
      0.004371655680801245,
      0.2777017841239471,
      0.0015173306089559986
    ]
  },
  "formal_style_TF_clean_proj_onto_sv": {
    "A": -2.5362395114630263,
    "lambda": 0.41100353075507107,
    "C": -5.027749228092456,
    "r_squared": 0.480043453867366,
    "half_life": 1.6864750025055424,
    "perr": [
      0.6795584463254996,
      0.22532375874440036,
      0.23262605884136558
    ]
  },
  "truthful_AR_cos_sim_to_sv": {
    "A": -0.022129022644333148,
    "lambda": 0.21407923911977242,
    "C": 0.053761208073648044,
    "r_squared": 0.8979765404775263,
    "half_life": 3.2378066337023244,
    "perr": [
      0.0018156527947088491,
      0.04492228527283762,
      0.0011752059371627002
    ]
  },
  "truthful_AR_proj_onto_sv": {
    "A": -3.2739801968643634,
    "lambda": 0.21199497799765504,
    "C": 8.415299686804717,
    "r_squared": 0.8910381715806317,
    "half_life": 3.269639625933084,
    "perr": [
      0.278498950116457,
      0.046359664527613066,
      0.18250726606410467
    ]
  },
  "truthful_TF_cos_sim_to_sv": {
    "A": -0.022129022644333148,
    "lambda": 0.21407923911977242,
    "C": 0.053761208073648044,
    "r_squared": 0.8979765404775263,
    "half_life": 3.2378066337023244,
    "perr": [
      0.0018156527947088491,
      0.04492228527283762,
      0.0011752059371627002
    ]
  },
  "truthful_TF_proj_onto_sv": {
    "A": -3.2739801968643634,
    "lambda": 0.21199497799765504,
    "C": 8.415299686804717,
    "r_squared": 0.8910381715806317,
    "half_life": 3.269639625933084,
    "perr": [
      0.278498950116457,
      0.046359664527613066,
      0.18250726606410467
    ]
  },
  "truthful_TF_clean_cos_sim_to_sv": {
    "A": -0.021564414955836456,
    "lambda": 0.23333517673844473,
    "C": 0.05305688623516809,
    "r_squared": 0.8776513240536244,
    "half_life": 2.9706073051168076,
    "perr": [
      0.001975298161551802,
      0.05226678289499518,
      0.0011486596256717948
    ]
  },
  "truthful_TF_clean_proj_onto_sv": {
    "A": -3.180311340395249,
    "lambda": 0.22641790005112264,
    "C": 8.324121199064388,
    "r_squared": 0.8648951619843117,
    "half_life": 3.061362111403031,
    "perr": [
      0.3074375998497072,
      0.05435593030680886,
      0.18551095878006277
    ]
  }
}