{
  "fit_results": {
    "AR_cos_sim_to_sv": {
      "A": 0.010339723148773634,
      "lambda": 1.6374912900147114,
      "C": -0.04820544920545564,
      "r_squared": 0.39190890385106236,
      "half_life": 0.42329823968328895,
      "perr": [
        0.0031442509258266995,
        1.4995990197131697,
        0.0007424327569623434
      ]
    },
    "TF_cos_sim_to_sv": {
      "A": 0.010339723148773634,
      "lambda": 1.6374912900147114,
      "C": -0.04820544920545564,
      "r_squared": 0.39190890385106236,
      "half_life": 0.42329823968328895,
      "perr": [
        0.0031442509258266995,
        1.4995990197131697,
        0.0007424327569623434
      ]
    },
    "TF_clean_cos_sim_to_sv": {
      "A": 0.008373799157905306,
      "lambda": 0.15106995183685118,
      "C": -0.05048074791034741,
      "r_squared": 0.34757424822660277,
      "half_life": 4.5882531379139735,
      "perr": [
        0.0029370231269292154,
        0.15681677970305663,
        0.0028652853287260112
      ]
    },
    "AR_proj_onto_sv": {
      "A": 1.090572946913345,
      "lambda": 2.9166117127243045,
      "C": -7.519898761856315,
      "r_squared": 0.3046101789674408,
      "half_life": 0.23765493964656023,
      "perr": [
        0.39964779493975344,
        6.763469564949283,
        0.0922574460216136
      ]
    },
    "TF_proj_onto_sv": {
      "A": 1.090572946913345,
      "lambda": 2.9166117127243045,
      "C": -7.519898761856315,
      "r_squared": 0.3046101789674408,
      "half_life": 0.23765493964656023,
      "perr": [
        0.39964779493975344,
        6.763469564949283,
        0.0922574460216136
      ]
    },
    "TF_clean_proj_onto_sv": {
      "A": 0.9143853780461283,
      "lambda": 0.12727239656081293,
      "C": -7.8278192305774645,
      "r_squared": 0.25743187234555454,
      "half_life": 5.446170570291318,
      "perr": [
        0.45156360861872824,
        0.18476258586412592,
        0.4976713947289281
      ]
    },
    "AR_kl_from_unsteered": {
      "A": -3.136600489073186,
      "lambda": 0.009190684208756919,
      "C": 3.3375296314921146,
      "r_squared": 0.5603453021929428,
      "half_life": 75.41845251298179,
      "perr": [
        26.141304939027044,
        0.0836924666421823,
        26.20364614480697
      ]
    },
    "TF_kl_from_unsteered": {
      "A": -3.136600489073186,
      "lambda": 0.009190684208756919,
      "C": 3.3375296314921146,
      "r_squared": 0.5603453021929428,
      "half_life": 75.41845251298179,
      "perr": [
        26.141304939027044,
        0.0836924666421823,
        26.20364614480697
      ]
    },
    "TF_clean_kl_from_unsteered": {
      "A": 0.0,
      "lambda": 0.2,
      "C": 0.0,
      "r_squared": 0.0,
      "half_life": 3.465735902799726,
      "perr": [
        0.0,
        0.0,
        0.0
      ]
    }
  },
  "statistical_tests": {
    "AR_vs_TF_cos_sim_to_sv": {
      "t_stat": NaN,
      "p_value": NaN,
      "cohens_d": 0.0
    },
    "AR_vs_TF_clean_cos_sim_to_sv": {
      "t_stat": 0.2336219913519606,
      "p_value": 0.817777102580894,
      "cohens_d": 0.05359656059431061
    },
    "TF_vs_TF_clean_cos_sim_to_sv": {
      "t_stat": 0.2336219913519606,
      "p_value": 0.817777102580894,
      "cohens_d": 0.05359656059431061
    },
    "fits_cos_sim_to_sv": {
      "AR": {
        "A": 0.010339723148773634,
        "lambda": 1.6374912900147114,
        "C": -0.04820544920545564,
        "r_squared": 0.39190890385106236,
        "half_life": 0.42329823968328895,
        "perr": [
          0.0031442509258266995,
          1.4995990197131697,
          0.0007424327569623434
        ]
      },
      "TF": {
        "A": 0.010339723148773634,
        "lambda": 1.6374912900147114,
        "C": -0.04820544920545564,
        "r_squared": 0.39190890385106236,
        "half_life": 0.42329823968328895,
        "perr": [
          0.0031442509258266995,
          1.4995990197131697,
          0.0007424327569623434
        ]
      },
      "TF_clean": {
        "A": 0.008373799157905306,
        "lambda": 0.15106995183685118,
        "C": -0.05048074791034741,
        "r_squared": 0.34757424822660277,
        "half_life": 4.5882531379139735,
        "perr": [
          0.0029370231269292154,
          0.15681677970305663,
          0.0028652853287260112
        ]
      }
    },
    "AR_vs_TF_proj_onto_sv": {
      "t_stat": NaN,
      "p_value": NaN,
      "cohens_d": 0.0
    },
    "AR_vs_TF_clean_proj_onto_sv": {
      "t_stat": 0.21088451965304933,
      "p_value": 0.8352226657108622,
      "cohens_d": 0.04838022683814539
    },
    "TF_vs_TF_clean_proj_onto_sv": {
      "t_stat": 0.21088451965304933,
      "p_value": 0.8352226657108622,
      "cohens_d": 0.04838022683814539
    },
    "fits_proj_onto_sv": {
      "AR": {
        "A": 1.090572946913345,
        "lambda": 2.9166117127243045,
        "C": -7.519898761856315,
        "r_squared": 0.3046101789674408,
        "half_life": 0.23765493964656023,
        "perr": [
          0.39964779493975344,
          6.763469564949283,
          0.0922574460216136
        ]
      },
      "TF": {
        "A": 1.090572946913345,
        "lambda": 2.9166117127243045,
        "C": -7.519898761856315,
        "r_squared": 0.3046101789674408,
        "half_life": 0.23765493964656023,
        "perr": [
          0.39964779493975344,
          6.763469564949283,
          0.0922574460216136
        ]
      },
      "TF_clean": {
        "A": 0.9143853780461283,
        "lambda": 0.12727239656081293,
        "C": -7.8278192305774645,
        "r_squared": 0.25743187234555454,
        "half_life": 5.446170570291318,
        "perr": [
          0.45156360861872824,
          0.18476258586412592,
          0.4976713947289281
        ]
      }
    },
    "AR_vs_TF_kl_from_unsteered": {
      "t_stat": NaN,
      "p_value": NaN,
      "cohens_d": 0.0
    },
    "AR_vs_TF_clean_kl_from_unsteered": {
      "t_stat": 9.8237333443018,
      "p_value": 7.003464147195314e-09,
      "cohens_d": 2.2537189945317055
    },
    "TF_vs_TF_clean_kl_from_unsteered": {
      "t_stat": 9.8237333443018,
      "p_value": 7.003464147195314e-09,
      "cohens_d": 2.2537189945317055
    },
    "fits_kl_from_unsteered": {
      "AR": {
        "A": -3.136600489073186,
        "lambda": 0.009190684208756919,
        "C": 3.3375296314921146,
        "r_squared": 0.5603453021929428,
        "half_life": 75.41845251298179,
        "perr": [
          26.141304939027044,
          0.0836924666421823,
          26.20364614480697
        ]
      },
      "TF": {
        "A": -3.136600489073186,
        "lambda": 0.009190684208756919,
        "C": 3.3375296314921146,
        "r_squared": 0.5603453021929428,
        "half_life": 75.41845251298179,
        "perr": [
          26.141304939027044,
          0.0836924666421823,
          26.20364614480697
        ]
      },
      "TF_clean": {
        "A": 0.0,
        "lambda": 0.2,
        "C": 0.0,
        "r_squared": 0.0,
        "half_life": 3.465735902799726,
        "perr": [
          0.0,
          0.0,
          0.0
        ]
      }
    }
  }
}